run,type,module,name,attrname,attrvalue,vectime,vecvalue
General-0-20230509-15:06:39-126224,runattr,,,configname,General,,
General-0-20230509-15:06:39-126224,runattr,,,datetime,20230509-15:06:39,,
General-0-20230509-15:06:39-126224,runattr,,,datetimef,20230509-150639,,
General-0-20230509-15:06:39-126224,runattr,,,experiment,General,,
General-0-20230509-15:06:39-126224,runattr,,,inifile,omnetpp.ini,,
General-0-20230509-15:06:39-126224,runattr,,,iterationvars,,,
General-0-20230509-15:06:39-126224,runattr,,,iterationvarsd,,,
General-0-20230509-15:06:39-126224,runattr,,,iterationvarsf,,,
General-0-20230509-15:06:39-126224,runattr,,,measurement,,,
General-0-20230509-15:06:39-126224,runattr,,,network,Network,,
General-0-20230509-15:06:39-126224,runattr,,,processid,126224,,
General-0-20230509-15:06:39-126224,runattr,,,repetition,0,,
General-0-20230509-15:06:39-126224,runattr,,,replication,#0,,
General-0-20230509-15:06:39-126224,runattr,,,resultdir,results,,
General-0-20230509-15:06:39-126224,runattr,,,runnumber,0,,
General-0-20230509-15:06:39-126224,runattr,,,seedset,0,,
General-0-20230509-15:06:39-126224,config,,,network,Network,,
General-0-20230509-15:06:39-126224,config,,,sim-time-limit,200s,,
General-0-20230509-15:06:39-126224,config,,,Network.nodeTx.gen.generationInterval,exponential(0.2),,
General-0-20230509-15:06:39-126224,config,,,Network.nodeTx.gen.packetByteSize,12500,,
General-0-20230509-15:06:39-126224,config,,,Network.queue.bufferSize,200,,
General-0-20230509-15:06:39-126224,config,,,Network.nodeRx.queue.bufferSize,200,,
General-0-20230509-15:06:39-126224,config,,,Network.nodeTx.queue.bufferSize,2000000,,
General-0-20230509-15:06:39-126224,config,,,Network.queue.serviceTime,200,,
General-0-20230509-15:06:39-126224,config,,,Network.nodeTx.queue.serviceTime,200,,
General-0-20230509-15:06:39-126224,config,,,Network.nodeRx.queue.serviceTime,200,,
General-0-20230509-15:06:39-126224,vector,Network.nodeTx.gen,packetGen,,,"0.159174900913 0.33888697861 0.590073130219 0.961993972634 1.146638598928 1.536947666105 1.694387894101 2.070180704942 2.180390402276 2.375791687555 2.583423547688 2.680449180432 2.795553019809 2.866184847637 3.310889732044 3.322566665863 3.985549121849 4.049220350017 4.145940771007 4.275830040657 4.589609264182 4.924051504247 5.07458632691 5.205362840354 5.373249410934 5.473023812737 5.992674629907 6.354348482762 6.369085553855 6.451401153104 6.469633358329 6.678555859991 6.682640977671 6.774490605122 7.13198813781 7.762022123545 8.063178975272 8.093425146005 8.501487997593 8.909666440775 9.678710814603 9.807052649139 10.128100560551 10.45090097553 10.574686867455 10.721679751693 11.024986946491 11.252174734833 11.277349616721 11.532395157166 11.736681532036 11.911145771044 11.942091707144 12.096258638837 12.675142734434 12.959415670453 13.106981128804 13.129370360931 13.236483504977 13.364822445383 13.426278515814 13.46751917222 13.76517013737 14.032228174295 14.154044658932 14.202854357079 14.370921298201 14.399976903659 14.403770617499 14.482124779634 14.674400967447 14.706828265336 14.896227600771 14.946515987186 15.13842558266 15.236136992522 15.811719996778 16.277502671621 16.506530462561 16.626079677925 16.715183376935 16.905082293634 17.019988774982 17.485258987321 17.724480547212 17.745392792367 17.75781585046 18.457858587351 18.677641080861 18.889407907159 19.111527396296 19.1490126095 19.196253950717 19.284934756441 19.312540494127 19.590349032085 19.666141424942 19.853353736896 19.943774148941 20.022396660402 20.191282219108 20.199118850391 20.314583712552 20.515757913585 21.40665728282 22.045246611231 22.066773632862 22.278338915532 22.325199219287 22.526803068371 22.561985777456 23.634005847505 23.845754390524 24.020137561249 24.078553667902 24.185566603319 24.311154919517 24.439911119838 24.495966521534 24.691339336348 24.725964827577 24.808465073561 24.831856155519 25.056489815826 25.270104255256 25.346415423931 25.376157877781 25.677484944436 25.721261063737 26.318699042107 26.410701833655 26.627955709831 26.972022041374 26.97475495706 26.995183933365 27.190204320196 27.554168104053 27.778130977204 27.798337932266 28.513055606735 29.262861898652 29.68392615881 29.810393478089 29.952910196756 30.705295653657 30.716761038942 30.902456738322 31.02244611565 31.29129517008 31.295333195709 31.303328455521 31.419904133294 31.486386181487 32.264700206056 32.290311559118 32.379395451502 32.449630669378 32.580759926251 32.606037653536 32.839412358846 32.915952548618 33.340799988018 33.447776863169 33.948559219786 33.961818700082 34.010697789698 34.246535695111 34.413104398324 34.580323904718 34.980972009219 35.042654977239 35.184904564682 35.333056354771 35.830172826166 35.84990288785 36.357963789442 36.529542917657 36.546897014125 37.07674819986 37.141816282966 37.218528325786 37.220408475919 37.440577657937 37.810043188137 37.838309330849 38.046665461685 38.298652223707 38.666908718004 38.735239551409 38.796743096161 38.837213183874 38.938653208525 39.115279016917 39.276238496877 39.280300988636 39.316351439033 39.669499653516 39.761845832725 39.762787140823 39.794455442069 40.020982270463 40.189598876893 40.252543209064 40.495844939751 40.761596514501 40.829665862148 41.484694497691 41.598275328387 41.655479522889 41.937684404748 42.109362998314 42.210231759632 42.389549933789 42.842296648961 43.012140811274 43.215872557278 43.266356555856 43.710657935551 44.321114266928 44.549035859635 44.667560665125 44.786836543991 45.161528519962 45.930129836611 46.17057755006 46.195282879532 46.265886906187 46.5572506179 46.893435058809 46.999579558132 47.100583307683 47.325639711052 47.751539590266 47.80902168548 47.983128850745 48.058276619226 48.485242709223 49.158116799833 49.393993386562 49.571565668649 49.829947522409 50.045514499236 50.184674391416 50.337047945675 50.962141617207 51.014553065542 51.221112467671 51.321574627323 51.43185382535 51.624744538449 51.81122511453 51.940046056195 51.943922012465 52.070947555591 52.142732998765 52.394541702218 52.610405741949 52.678338688465 52.746858613405 52.843585750723 53.036060761877 53.312656603184 53.424648817199 53.846138338189 53.875253133879 53.896962553578 53.967807380027 53.987191930942 54.15596962546 54.243375228215 54.422121043876 54.582631441028 54.753447388157 54.760288071829 54.972089948905 55.666597044761 55.877766966493 55.955192984923 56.068115085147 56.118131384143 56.571858182681 56.602316907732 56.693951484524 56.714415607495 56.828907917781 57.656469869883 58.101452801328 58.161765983973 58.489945499558 58.643960871467 58.887364770534 59.006179470199 59.027301998925 59.048278366045 59.552134792062 59.639003923251 59.889525428233 60.016217951778 61.369296055765 61.73724261278 61.769616630122 62.239652088072 62.644833851493 62.65249043407 62.687955549099 62.829939134544 63.021132419328 63.057640139705 63.084076881628 63.38604157275 63.762827350067 64.163224649172 64.492568469437 64.598569045064 64.76694523741 64.797103439449 64.901677445467 64.908434802577 64.92276987944 65.732739247201 65.971826960457 66.065281473739 66.186141288109 66.295112713738 66.5511795545 66.561562064937 66.964116612178 67.055098981136 67.797091099517 67.800444652715 68.187760100213 68.240225962046 68.24258260843 68.532141424828 68.621391988932 69.198314339352 69.460174012157 69.737432282561 69.775091277605 69.858013786137 70.005240006134 70.139732109501 70.150906120079 70.233701904614 70.278329746234 70.317895647726 70.32163474181 70.359138532051 70.674821076472 70.799340545268 70.850041686297 71.265247898386 71.349979318657 71.926888176338 72.453331948848 72.640759692393 72.884519053062 73.066111858527 73.072583219456 73.378749464709 73.414740933019 73.553380886927 73.747677318546 73.758013899705 73.930198627041 74.170392808349 74.224726422417 75.200553000016 75.744822651199 75.807016212193 75.997382153701 76.224701452752 76.378117383666 76.777551777164 76.955827492546 77.233762905301 77.495719979573 78.163306846344 78.238084145525 78.399680156205 78.501253180742 78.549003755312 78.596108669996 78.646428392619 78.687634802316 78.737006656076 79.314821774456 79.483417529539 79.752487016186 79.872822813491 80.007671727418 80.710567463525 80.762170016313 80.990397596885 81.04909912727 81.066929985269 81.078886177852 81.090500650275 81.204480163336 81.338302908074 81.413036866953 81.838770885859 82.07714250659 82.826481429355 82.921364687422 83.113652601736 83.153246148803 83.309641292978 83.314638963641 83.700310991017 83.714234525232 83.986620870093 84.214128571201 84.344374717585 84.465290961252 84.691362070434 84.845186030653 85.031998097174 85.485966100331 85.736806754349 86.664737259624 86.791523263503 86.840421467912 86.962188050659 87.179768937382 87.653552571549 87.714673551912 87.74419275849 87.748366202212 87.800436484521 88.084513175638 88.511225833133 88.588363371942 89.057932124228 89.154659801726 89.362229816824 89.539730202521 89.618244808159 89.973873475526 90.12054701016 90.318847868739 90.318858939118 90.731023187294 90.805775846057 90.869690777032 90.980524942842 91.30046883121 91.733621567385 91.774691121132 92.002502651267 92.613139585186 92.734948507728 92.967571164413 93.099671780363 93.148215479097 93.459148066659 94.048044122144 94.100172148019 94.362673746612 94.7872230774 94.845813369097 94.921099239401 94.969083943288 95.600503051571 95.746548584619 95.874186305738 95.879385854777 96.128056010367 96.174561014044 96.207935942291 96.318503616421 96.580698090053 96.674433385248 96.882274512564 97.006840374517 97.055224303471 97.120267507066 97.161539105787 97.338296236994 97.667911471626 98.066719311881 98.341655302641 98.366661820626 98.591353920536 98.737058689083 98.80189851178 98.830226918739 98.868679206907 99.121041741604 99.36484161064 99.46569759729 99.590104981106 99.756780629235 100.123833309823 100.164325062563 100.210173927604 100.241469081681 100.277523941597 100.411432059769 100.438100184424 100.525991262523 100.782076133319 101.346203323002 101.352388581314 101.6422995366 101.917168139484 102.193360758617 102.21279429429 102.680892686421 102.729932304949 102.747354021601 103.024017314831 103.184695667364 103.447820919023 103.623463934767 103.632801483496 104.286500763661 104.333431933512 104.402535850254 104.470166793223 104.525272380631 104.751456076469 104.77259351129 104.785616084247 104.788929303131 104.951157507577 105.481669210681 105.483525815557 105.7052077664 106.063205687296 106.370771430191 107.201965649304 107.268147625539 107.511285720211 107.687861829202 107.727950268219 107.741168670358 107.88481796638 108.01777951629 108.191492662583 108.950297419201 109.260099755032 109.678411069557 109.864933440611 109.947479413956 109.996762578399 110.648546773836 110.77000263156 110.822718054127 111.244895809004 111.841335944099 111.97689634451 112.544224383185 112.795671782299 113.116763534913 113.24993203224 113.449024760913 113.695600853519 114.110353146139 114.248240053709 114.317590714467 114.689877043063 115.067897382682 115.111116626001 115.303519011319 115.600367507849 115.603032556815 116.334964022968 116.420271185375 116.816820966296 116.848887785193 117.152101571158 117.953691502133 118.794063387383 118.924222855855 119.204357995247 119.341946690939 119.342757955203 119.546795372794 119.609594952407 119.701553215962 119.807246661622 119.836691669085 119.948493203083 120.293819879031 120.364539194084 120.406645851725 120.509188780251 120.65239784385 120.678113891305 120.728916166975 121.518442820487 121.539036493231 121.643252257448 122.03963032567 122.208057586237 122.929845787234 123.014044446844 123.662037040224 123.973095912295 124.447173428418 124.553165744272 124.85065169514 124.939681563021 125.020718139489 125.122716306259 125.139632204611 125.211490985636 125.316084516367 125.614610949205 125.667465042032 126.188779402496 126.217204504775 126.295904987 126.30688646151 126.917858417311 127.17648798907 127.179297307318 127.18159595736 127.334080694203 127.628521525802 127.701169969582 127.732956605513 128.161833698416 128.178406153 128.23610869507 128.254883604527 128.481159358048 128.704136842429 129.036729998564 129.093034803058 129.206213711385 129.315345254338 129.594319072591 129.75732273877 130.111246703412 130.50525821653 130.60055393305 130.860243060171 130.880549876959 130.943581882702 131.002762257352 131.030955834235 131.210221675239 131.221614981732 131.351049922541 131.422842186216 131.556702760613 131.617497072459 131.740184890377 131.861997781442 132.010714419797 132.240662697347 132.357347451554 132.595246701821 132.97821515335 133.044895821025 133.158529917773 133.254113515275 133.60485644428 133.644827551864 133.787229164989 134.097978265395 134.116045714211 134.127751294 134.3435366757 134.582339349819 134.62862354421 134.930266590535 135.306090277377 135.606572836119 135.835310960236 135.895375976293 135.934668353472 136.028289644119 136.042773466142 136.219925595348 136.221872677216 136.285589446792 136.73080624468 136.823484250188 136.852134854464 136.896028486643 137.198120806888 137.321304663645 137.839794385402 137.848921995301 138.100100692169 138.421784261986 138.556774456717 138.572790227906 138.699576653204 138.845885721031 139.274505661117 139.347795919484 139.481842294799 139.654175793158 139.761256663377 140.402218429299 140.440477638479 140.6479266573 140.776908355533 140.784108921483 141.090278605272 141.202843645635 141.365423317872 141.508100174432 141.542939206507 141.69658987488 141.727646991981 141.956406067805 142.166063888796 142.231098062894 142.386066538795 142.413657185181 142.49246869957 142.592207166144 142.624009569504 143.250575467413 143.28541521073 143.32685224718 143.354569611465 143.823217597484 143.99620521937 144.153172623288 144.17253211775 144.29462868675 144.777431972852 145.204916310935 145.222239709824 145.344960551772 145.667226951596 145.924819346611 146.344146601316 146.445987098689 146.465611003215 146.934384931375 147.045516714007 147.279769452996 147.407964162049 147.648506918815 147.822100915219 147.901517105223 148.153445339348 148.436202005256 148.441690425342 148.643844257962 148.906748677579 148.96164138198 149.252953424295 149.287952433939 149.289915321219 149.608226545778 149.6819431337 150.321594129054 150.374612749335 150.497161838308 150.637166965531 150.815967246067 151.430582290624 151.820577672993 151.983781385786 152.105992898043 152.126503276644 152.733291791124 152.927693969336 153.099180989859 153.496768880828 153.840582743186 153.874890468661 154.353926426539 155.330626224608 155.66867321556 155.686439692091 155.721171004733 155.74101531003 155.939271211182 156.140081445958 156.241725336769 156.838081268234 156.851034406792 157.403155297929 157.513496020447 157.632112339912 157.691978016396 157.952145501888 158.330291332774 158.601435035544 158.608209406592 158.681550437351 159.320302811887 159.345817526646 159.433632923764 159.5509866851 159.639217647246 159.738659504515 159.741952161312 159.893745116162 159.934715569591 160.308043663627 160.410629061993 160.564321577471 161.094159229917 161.322215005301 161.343201554767 161.53110195194 162.112285872671 162.133020039999 162.540278877453 162.559587133259 162.680673889587 162.69219247295 162.771305593029 162.789407087059 162.842394074586 162.896538952733 163.087163460386 163.453071891558 163.459798675742 163.60758267973 163.610728504485 163.754657484023 163.866659158689 164.076527591874 164.090627981546 164.247939799924 164.305994482949 164.31259527996 164.36258544329 164.536157817268 164.594547031614 164.889431476571 164.917526619962 165.011920237516 165.014342086528 165.149413260562 165.173956262025 165.973468957369 166.166187496627 166.222302681862 166.954215105554 167.047999371009 167.976055370199 167.985402350546 168.090608509698 168.164840853858 168.200416205429 168.556603140407 168.760246656168 169.089283341583 169.224072030427 169.428415699909 170.337980470281 170.429786055778 170.443292887153 170.518305275777 170.824093049919 171.147825263203 171.215872707126 171.230483038557 171.285744077143 171.515876595729 171.73311725796 171.828959796857 171.885449139249 172.086435801061 172.305674313263 172.828802499747 172.974478014354 173.359225728488 173.469586152816 173.607288930425 173.769084869452 173.880750227305 173.948419451045 174.294243378582 174.539469821029 174.807525013425 174.914704772493 175.03323625608 175.122664236599 175.816793252706 176.169610731144 176.259858490842 176.777823719941 176.879168362721 176.888588216932 177.156992165169 177.209948619837 177.329182998116 177.414884518952 177.96871341552 178.306157073272 178.365631778854 179.21223493812 179.308410582981 180.002981724162 180.241879712864 180.712546666479 181.167288099817 181.237641576903 181.26344927754 182.229393327134 182.284687870443 182.34206968952 182.393892140696 182.416281048925 182.550757629333 183.15375128377 183.59799412041 183.651157430214 183.739824309414 183.973911455417 184.071215283369 184.083240957195 184.580367174064 184.842759790281 184.866926069534 185.293866548442 185.493326333275 185.556937242313 185.585437831443 185.680740995638 185.774500133966 185.868275765092 185.946708023017 186.222999838987 186.45095892032 186.505270078656 186.822741524594 186.860454469444 187.000663571309 187.119973554684 187.190237810992 187.262853579029 187.6970987553 188.062604008863 188.149336979938 188.203630973224 188.471811318142 188.611398827908 188.773497457344 189.344982526907 189.389991025679 189.591014155393 189.750058595655 190.153975496299 190.300620564035 190.864002910028 190.949785277182 191.227656978572 191.232642597718 191.47315406666 191.505382582425 192.193571391942 192.221850014489 193.258875899096 193.505019669302 193.625250598579 193.87218657379 193.886887849274 194.076108197525 194.145394863024 194.368286509367 194.401345111831 194.520011225483 194.628091765003 194.866288055682 194.894437086768 194.989505020696 195.174832740755 195.195911966737 195.292427009769 195.937490226512 196.388985584663 196.404023946496 197.091148624992 197.095046483582 197.253368302503 198.031550320585 198.095818381159 198.127964389272 198.307374992093 198.367245592681 198.82138761416 198.869936701632 198.974358962514 199.14781736628 199.308444720664","1 1 1 1 1 1 1 1 1 1 1 1 1 1 1 1 1 1 1 1 1 1 1 1 1 1 1 1 1 1 1 1 1 1 1 1 1 1 1 1 1 1 1 1 1 1 1 1 1 1 1 1 1 1 1 1 1 1 1 1 1 1 1 1 1 1 1 1 1 1 1 1 1 1 1 1 1 1 1 1 1 1 1 1 1 1 1 1 1 1 1 1 1 1 1 1 1 1 1 1 1 1 1 1 1 1 1 1 1 1 1 1 1 1 1 1 1 1 1 1 1 1 1 1 1 1 1 1 1 1 1 1 1 1 1 1 1 1 1 1 1 1 1 1 1 1 1 1 1 1 1 1 1 1 1 1 1 1 1 1 1 1 1 1 1 1 1 1 1 1 1 1 1 1 1 1 1 1 1 1 1 1 1 1 1 1 1 1 1 1 1 1 1 1 1 1 1 1 1 1 1 1 1 1 1 1 1 1 1 1 1 1 1 1 1 1 1 1 1 1 1 1 1 1 1 1 1 1 1 1 1 1 1 1 1 1 1 1 1 1 1 1 1 1 1 1 1 1 1 1 1 1 1 1 1 1 1 1 1 1 1 1 1 1 1 1 1 1 1 1 1 1 1 1 1 1 1 1 1 1 1 1 1 1 1 1 1 1 1 1 1 1 1 1 1 1 1 1 1 1 1 1 1 1 1 1 1 1 1 1 1 1 1 1 1 1 1 1 1 1 1 1 1 1 1 1 1 1 1 1 1 1 1 1 1 1 1 1 1 1 1 1 1 1 1 1 1 1 1 1 1 1 1 1 1 1 1 1 1 1 1 1 1 1 1 1 1 1 1 1 1 1 1 1 1 1 1 1 1 1 1 1 1 1 1 1 1 1 1 1 1 1 1 1 1 1 1 1 1 1 1 1 1 1 1 1 1 1 1 1 1 1 1 1 1 1 1 1 1 1 1 1 1 1 1 1 1 1 1 1 1 1 1 1 1 1 1 1 1 1 1 1 1 1 1 1 1 1 1 1 1 1 1 1 1 1 1 1 1 1 1 1 1 1 1 1 1 1 1 1 1 1 1 1 1 1 1 1 1 1 1 1 1 1 1 1 1 1 1 1 1 1 1 1 1 1 1 1 1 1 1 1 1 1 1 1 1 1 1 1 1 1 1 1 1 1 1 1 1 1 1 1 1 1 1 1 1 1 1 1 1 1 1 1 1 1 1 1 1 1 1 1 1 1 1 1 1 1 1 1 1 1 1 1 1 1 1 1 1 1 1 1 1 1 1 1 1 1 1 1 1 1 1 1 1 1 1 1 1 1 1 1 1 1 1 1 1 1 1 1 1 1 1 1 1 1 1 1 1 1 1 1 1 1 1 1 1 1 1 1 1 1 1 1 1 1 1 1 1 1 1 1 1 1 1 1 1 1 1 1 1 1 1 1 1 1 1 1 1 1 1 1 1 1 1 1 1 1 1 1 1 1 1 1 1 1 1 1 1 1 1 1 1 1 1 1 1 1 1 1 1 1 1 1 1 1 1 1 1 1 1 1 1 1 1 1 1 1 1 1 1 1 1 1 1 1 1 1 1 1 1 1 1 1 1 1 1 1 1 1 1 1 1 1 1 1 1 1 1 1 1 1 1 1 1 1 1 1 1 1 1 1 1 1 1 1 1 1 1 1 1 1 1 1 1 1 1 1 1 1 1 1 1 1 1 1 1 1 1 1 1 1 1 1 1 1 1 1 1 1 1 1 1 1 1 1 1 1 1 1 1 1 1 1 1 1 1 1 1 1 1 1 1 1 1 1 1 1 1 1 1 1 1 1 1 1 1 1 1 1 1 1 1 1 1 1 1 1 1 1 1 1 1 1 1 1 1 1 1 1 1 1 1 1 1 1 1 1 1 1 1 1 1 1 1 1 1 1 1 1 1 1 1 1 1 1 1 1 1 1 1 1 1 1 1 1 1 1 1 1 1 1 1 1 1 1 1 1 1 1 1 1 1 1 1 1 1 1 1 1 1 1 1 1 1 1 1 1 1 1 1 1 1 1 1 1 1 1 1 1 1 1 1 1 1 1 1 1 1 1 1 1 1 1 1 1 1 1 1 1 1 1 1 1 1 1 1 1 1 1 1 1 1 1 1 1 1 1 1 1 1 1 1 1 1 1 1 1 1 1 1 1 1 1 1 1 1 1 1 1 1 1 1 1 1 1 1 1 1 1 1 1 1 1 1 1 1 1 1"
General-0-20230509-15:06:39-126224,vector,Network.nodeRx.sink,Delay,,,"0.559374900913 0.759374900913 0.990273130219 1.362193972634 1.562193972634 1.937147666105 2.137147666105 2.470380704942 2.670380704942 2.870380704942 3.070380704942 3.270380704942 3.470380704942 3.670380704942 3.870380704942 4.070380704942 4.385749121849 4.585749121849 4.785749121849 4.985749121849 5.185749121849 5.385749121849 5.585749121849 5.785749121849 5.985749121849 6.185749121849 6.392874629907 6.754548482762 6.954548482762 7.154548482762 7.354548482762 7.554548482762 7.754548482762 7.954548482762 8.154548482762 8.354548482762 8.554548482762 8.754548482762 8.954548482762 9.309866440775 10.078910814603 10.278910814603 10.528300560551 10.85110097553 11.05110097553 11.25110097553 11.45110097553 11.652374734833 11.852374734833 12.052374734833 12.252374734833 12.452374734833 12.652374734833 12.852374734833 13.075342734434 13.359615670453 13.559615670453 13.759615670453 13.959615670453 14.159615670453 14.359615670453 14.559615670453 14.759615670453 14.959615670453 15.159615670453 15.359615670453 15.559615670453 15.759615670453 15.959615670453 16.159615670453 16.359615670453 16.559615670453 16.759615670453 16.959615670453 17.159615670453 17.359615670453 17.559615670453 17.759615670453 17.959615670453 18.159615670453 18.359615670453 18.559615670453 18.759615670453 18.959615670453 19.159615670453 19.359615670453 19.559615670453 19.759615670453 19.959615670453 20.159615670453 20.359615670453 20.559615670453 20.759615670453 20.959615670453 21.159615670453 21.359615670453 21.559615670453 21.759615670453 21.959615670453 22.159615670453 22.359615670453 22.559615670453 22.759615670453 22.959615670453 23.159615670453 23.359615670453 23.559615670453 23.759615670453 23.959615670453 24.159615670453 24.359615670453 24.559615670453 24.759615670453 24.959615670453 25.159615670453 25.359615670453 25.559615670453 25.759615670453 25.959615670453 26.159615670453 26.359615670453 26.559615670453 26.759615670453 26.959615670453 27.159615670453 27.359615670453 27.559615670453 27.759615670453 27.959615670453 28.159615670453 28.359615670453 28.559615670453 28.759615670453 28.959615670453 29.159615670453 29.359615670453 29.559615670453 29.759615670453 29.959615670453 30.159615670453 30.359615670453 30.559615670453 30.759615670453 30.959615670453 31.159615670453 31.359615670453 31.559615670453 31.759615670453 31.959615670453 32.159615670453 32.359615670453 32.559615670453 32.759615670453 32.959615670453 33.159615670453 33.359615670453 33.559615670453 33.759615670453 33.959615670453 34.159615670453 34.359615670453 34.559615670453 34.759615670453 34.959615670453 35.159615670453 35.359615670453 35.559615670453 35.759615670453 35.959615670453 36.159615670453 36.359615670453 36.559615670453 36.759615670453 36.959615670453 37.159615670453 37.359615670453 37.559615670453 37.759615670453 37.959615670453 38.159615670453 38.359615670453 38.559615670453 38.759615670453 38.959615670453 39.159615670453 39.359615670453 39.559615670453 39.759615670453 39.959615670453 40.159615670453 40.359615670453 40.559615670453 40.759615670453 40.959615670453 41.159615670453 41.359615670453 41.559615670453 41.759615670453 41.959615670453 42.159615670453 42.359615670453 42.559615670453 42.759615670453 42.959615670453 43.159615670453 43.359615670453 43.559615670453 43.759615670453 43.959615670453 44.159615670453 44.359615670453 44.559615670453 44.759615670453 44.959615670453 45.159615670453 45.359615670453 45.559615670453 45.759615670453 45.959615670453 46.159615670453 46.359615670453 46.559615670453 46.759615670453 46.959615670453 47.159615670453 47.359615670453 47.559615670453 47.759615670453 47.959615670453 48.159615670453 48.359615670453 48.559615670453 48.759615670453 48.959615670453 49.159615670453 49.359615670453 49.559615670453 49.759615670453 49.959615670453 50.159615670453 50.359615670453 50.559615670453 50.759615670453 50.959615670453 51.362341617207 51.562341617207 51.762341617207 51.962341617207 52.162341617207 52.362341617207 52.562341617207 52.762341617207 52.962341617207 53.162341617207 53.362341617207 53.562341617207 53.762341617207 53.962341617207 54.162341617207 54.362341617207 54.562341617207 54.762341617207 54.962341617207 55.162341617207 55.362341617207 55.562341617207 55.762341617207 55.962341617207 56.162341617207 56.362341617207 56.562341617207 56.762341617207 56.962341617207 57.162341617207 57.362341617207 57.562341617207 57.762341617207 57.962341617207 58.162341617207 58.362341617207 58.562341617207 58.762341617207 58.962341617207 59.162341617207 59.362341617207 59.562341617207 59.762341617207 59.962341617207 60.162341617207 60.362341617207 60.562341617207 60.762341617207 60.962341617207 61.162341617207 61.362341617207 61.562341617207 61.762341617207 61.962341617207 62.162341617207 62.362341617207 62.562341617207 62.762341617207 63.045033851493 63.245033851493 63.445033851493 63.645033851493 63.845033851493 64.045033851493 64.245033851493 64.445033851493 64.645033851493 64.845033851493 65.045033851493 65.245033851493 65.445033851493 65.645033851493 65.845033851493 66.045033851493 66.245033851493 66.445033851493 66.645033851493 66.845033851493 67.045033851493 67.245033851493 67.445033851493 67.645033851493 67.845033851493 68.045033851493 68.245033851493 68.445033851493 68.645033851493 68.845033851493 69.045033851493 69.245033851493 69.445033851493 69.645033851493 69.860374012157 70.137632282561 70.337632282561 70.537632282561 70.737632282561 70.937632282561 71.137632282561 71.337632282561 71.537632282561 71.737632282561 71.937632282561 72.137632282561 72.337632282561 72.537632282561 72.737632282561 72.937632282561 73.137632282561 73.337632282561 73.537632282561 73.737632282561 73.937632282561 74.137632282561 74.337632282561 74.537632282561 74.737632282561 74.937632282561 75.137632282561 75.337632282561 75.537632282561 75.737632282561 75.937632282561 76.137632282561 76.337632282561 76.537632282561 76.737632282561 76.937632282561 77.137632282561 77.337632282561 77.537632282561 77.737632282561 77.937632282561 78.563506846344 78.763506846344 78.963506846344 79.163506846344 79.363506846344 79.563506846344 79.763506846344 79.963506846344 80.163506846344 80.363506846344 80.563506846344 80.763506846344 80.963506846344 81.163506846344 81.363506846344 81.563506846344 81.763506846344 81.963506846344 82.163506846344 82.363506846344 82.563506846344 82.763506846344 82.963506846344 83.163506846344 83.363506846344 83.563506846344 83.763506846344 83.963506846344 84.163506846344 84.363506846344 84.563506846344 84.763506846344 84.963506846344 85.163506846344 85.363506846344 85.563506846344 85.763506846344 85.963506846344 86.163506846344 86.363506846344 86.563506846344 86.763506846344 86.963506846344 87.163506846344 87.363506846344 87.563506846344 87.763506846344 87.963506846344 88.163506846344 88.363506846344 88.563506846344 88.763506846344 88.963506846344 89.163506846344 89.363506846344 89.563506846344 89.763506846344 89.963506846344 90.163506846344 90.363506846344 90.563506846344 90.763506846344 90.963506846344 91.163506846344 91.363506846344 91.563506846344 91.763506846344 91.963506846344 92.163506846344 92.363506846344 92.563506846344 92.763506846344 92.963506846344 93.163506846344 93.363506846344 93.563506846344 93.763506846344 93.963506846344 94.163506846344 94.448244122144 94.648244122144 94.848244122144 95.1874230774 95.3874230774 95.5874230774 95.7874230774 96.000703051571 96.200703051571 96.400703051571 96.600703051571 96.800703051571 97.000703051571 97.200703051571 97.400703051571 97.600703051571 97.800703051571 98.000703051571 98.200703051571 98.400703051571 98.600703051571 98.800703051571 99.000703051571 99.200703051571 99.400703051571 99.600703051571 99.800703051571 100.000703051571 100.200703051571 100.400703051571 100.600703051571 100.800703051571 101.000703051571 101.200703051571 101.400703051571 101.600703051571 101.800703051571 102.000703051571 102.200703051571 102.400703051571 102.600703051571 102.800703051571 103.000703051571 103.200703051571 103.400703051571 103.600703051571 103.800703051571 104.000703051571 104.200703051571 104.400703051571 104.600703051571 104.800703051571 105.000703051571 105.200703051571 105.400703051571 105.600703051571 105.800703051571 106.000703051571 106.200703051571 106.400703051571 106.600703051571 106.800703051571 107.000703051571 107.200703051571 107.400703051571 107.600703051571 107.800703051571 108.000703051571 108.200703051571 108.400703051571 108.600703051571 108.800703051571 109.000703051571 109.200703051571 109.400703051571 109.600703051571 109.800703051571 110.000703051571 110.200703051571 110.400703051571 110.600703051571 110.800703051571 111.000703051571 111.200703051571 111.400703051571 111.600703051571 111.800703051571 112.000703051571 112.200703051571 112.400703051571 112.600703051571 112.800703051571 113.000703051571 113.200703051571 113.400703051571 113.600703051571 113.800703051571 114.000703051571 114.200703051571 114.400703051571 114.600703051571 114.800703051571 115.000703051571 115.200703051571 115.400703051571 115.600703051571 115.800703051571 116.000703051571 116.200703051571 116.400703051571 116.600703051571 116.800703051571 117.000703051571 117.217020966296 117.417020966296 117.617020966296 118.353891502133 119.194263387383 119.394263387383 119.604557995247 119.804557995247 120.004557995247 120.204557995247 120.404557995247 120.604557995247 120.804557995247 121.004557995247 121.204557995247 121.404557995247 121.604557995247 121.804557995247 122.004557995247 122.204557995247 122.404557995247 122.604557995247 122.804557995247 123.004557995247 123.204557995247 123.404557995247 123.604557995247 123.804557995247 124.004557995247 124.204557995247 124.404557995247 124.847373428418 125.047373428418 125.25085169514 125.45085169514 125.65085169514 125.85085169514 126.05085169514 126.25085169514 126.45085169514 126.65085169514 126.85085169514 127.05085169514 127.25085169514 127.45085169514 127.65085169514 127.85085169514 128.05085169514 128.25085169514 128.45085169514 128.65085169514 128.85085169514 129.05085169514 129.25085169514 129.45085169514 129.65085169514 129.85085169514 130.05085169514 130.25085169514 130.45085169514 130.65085169514 130.85085169514 131.05085169514 131.25085169514 131.45085169514 131.65085169514 131.85085169514 132.05085169514 132.25085169514 132.45085169514 132.65085169514 132.85085169514 133.05085169514 133.25085169514 133.45085169514 133.65085169514 133.85085169514 134.05085169514 134.25085169514 134.45085169514 134.65085169514 134.85085169514 135.05085169514 135.25085169514 135.45085169514 135.65085169514 135.85085169514 136.05085169514 136.25085169514 136.45085169514 136.65085169514 136.85085169514 137.05085169514 137.25085169514 137.45085169514 137.65085169514 137.85085169514 138.05085169514 138.25085169514 138.45085169514 138.65085169514 138.85085169514 139.05085169514 139.25085169514 139.45085169514 139.65085169514 139.85085169514 140.05085169514 140.25085169514 140.45085169514 140.65085169514 140.85085169514 141.05085169514 141.25085169514 141.45085169514 141.65085169514 141.85085169514 142.05085169514 142.25085169514 142.45085169514 142.65085169514 142.85085169514 143.05085169514 143.25085169514 143.45085169514 143.65085169514 143.85085169514 144.05085169514 144.25085169514 144.45085169514 144.65085169514 144.85085169514 145.05085169514 145.25085169514 145.45085169514 145.65085169514 145.85085169514 146.05085169514 146.25085169514 146.45085169514 146.65085169514 146.85085169514 147.05085169514 147.25085169514 147.45085169514 147.65085169514 147.85085169514 148.05085169514 148.25085169514 148.45085169514 148.65085169514 148.85085169514 149.05085169514 149.25085169514 149.45085169514 149.65085169514 149.85085169514 150.05085169514 150.25085169514 150.45085169514 150.65085169514 150.85085169514 151.05085169514 151.25085169514 151.45085169514 151.65085169514 151.85085169514 152.05085169514 152.25085169514 152.45085169514 152.65085169514 152.85085169514 153.05085169514 153.25085169514 153.45085169514 153.65085169514 153.85085169514 154.05085169514 154.25085169514 154.45085169514 154.65085169514 154.85085169514 155.05085169514 155.25085169514 155.45085169514 155.65085169514 155.85085169514 156.05085169514 156.25085169514 156.45085169514 156.65085169514 156.85085169514 157.05085169514 157.25085169514 157.45085169514 157.65085169514 157.85085169514 158.05085169514 158.25085169514 158.45085169514 158.65085169514 158.85085169514 159.05085169514 159.25085169514 159.45085169514 159.65085169514 159.85085169514 160.05085169514 160.25085169514 160.45085169514 160.65085169514 160.85085169514 161.05085169514 161.25085169514 161.45085169514 161.65085169514 161.85085169514 162.05085169514 162.25085169514 162.45085169514 162.65085169514 162.85085169514 163.05085169514 163.25085169514 163.45085169514 163.65085169514 163.85085169514 164.05085169514 164.25085169514 164.45085169514 164.65085169514 164.85085169514 165.05085169514 165.25085169514 165.45085169514 165.65085169514 165.85085169514 166.05085169514 166.25085169514 166.45085169514 166.65085169514 166.85085169514 167.05085169514 167.25085169514 167.45085169514 167.65085169514 167.85085169514 168.05085169514 168.25085169514 168.45085169514 168.65085169514 168.85085169514 169.05085169514 169.25085169514 169.45085169514 169.65085169514 169.85085169514 170.05085169514 170.25085169514 170.45085169514 170.65085169514 170.85085169514 171.05085169514 171.25085169514 171.45085169514 171.65085169514 171.85085169514 172.05085169514 172.25085169514 172.45085169514 172.65085169514 172.85085169514 173.05085169514 173.25085169514 173.45085169514 173.65085169514 173.85085169514 174.05085169514 174.25085169514 174.45085169514 174.65085169514 174.85085169514 175.05085169514 175.25085169514 175.45085169514 175.65085169514 175.85085169514 176.05085169514 176.25085169514 176.45085169514 176.65085169514 176.85085169514 177.05085169514 177.25085169514 177.45085169514 177.65085169514 177.85085169514 178.05085169514 178.25085169514 178.45085169514 178.65085169514 178.85085169514 179.05085169514 179.25085169514 179.45085169514 179.65085169514 179.85085169514 180.05085169514 180.25085169514 180.45085169514 180.65085169514 180.85085169514 181.05085169514 181.25085169514 181.45085169514 181.65085169514 181.85085169514 182.05085169514 182.25085169514 182.45085169514 182.65085169514 182.85085169514 183.05085169514 183.25085169514 183.45085169514 183.65085169514 183.85085169514 184.05085169514 184.25085169514 184.45085169514 184.65085169514 184.85085169514 185.05085169514 185.25085169514 185.45085169514 185.65085169514 185.85085169514 186.05085169514 186.25085169514 186.45085169514 186.65085169514 186.85085169514 187.05085169514 187.25085169514 187.45085169514 187.65085169514 187.85085169514 188.05085169514 188.25085169514 188.45085169514 188.65085169514 188.85085169514 189.05085169514 189.25085169514 189.45085169514 189.65085169514 189.85085169514 190.05085169514 190.25085169514 190.45085169514 190.65085169514 190.85085169514 191.05085169514 191.25085169514 191.45085169514 191.65085169514 191.85085169514 192.05085169514 192.25085169514 192.45085169514 192.65085169514 192.85085169514 193.05085169514 193.25085169514 193.45085169514 193.65085169514 193.85085169514 194.05085169514 194.25085169514 194.45085169514 194.65085169514 194.85085169514 195.05085169514 195.25085169514 195.45085169514 195.65085169514 195.85085169514 196.05085169514 196.25085169514 196.45085169514 196.65085169514 196.85085169514 197.05085169514 197.25085169514 197.45085169514 197.65085169514 197.85085169514 198.05085169514 198.25085169514 198.45085169514 198.65085169514 198.85085169514 199.05085169514 199.25085169514 199.45085169514 199.65085169514 199.85085169514","0.4002 0.420487922303 0.4002 0.4002 0.415555373706 0.4002 0.442759772004 0.4002 0.489990302666 0.494589017387 0.486957157254 0.58993152451 0.674827685133 0.804195857305 0.559490972898 0.747814039079 0.4002 0.536528771832 0.639808350842 0.709919081192 0.596139857667 0.461697617602 0.511162794939 0.580386281495 0.612499710915 0.712725309112 0.4002 0.4002 0.585462928907 0.703147329658 0.884915124433 0.875992622771 1.071907505091 1.18005787764 1.022560344952 0.592526359217 0.49136950749 0.661123336757 0.453060485169 0.4002 0.4002 0.471858165464 0.4002 0.4002 0.476414108075 0.529421223837 0.426114029039 0.4002 0.575025118112 0.519979577667 0.515693202797 0.541228963789 0.710283027689 0.756116095996 0.4002 0.4002 0.452634541649 0.630245309522 0.723132165476 0.79479322507 0.933337154639 1.092096498233 0.994445533083 0.927387496158 1.005571011521 1.156761313374 1.188694372252 1.359638766794 1.555845052954 1.677490890819 1.685214703006 1.852787405117 1.863388069682 2.013099683267 2.021190087793 2.123478677931 1.747895673675 1.482112998832 1.453085207892 1.533535992528 1.644432293518 1.654533376819 1.739626895471 1.474356683132 1.435135123241 1.614222878086 1.801799819993 1.301757083102 1.281974589592 1.270207763294 1.248088274157 1.410603060953 1.563361719736 1.674680914012 1.847075176326 1.769266638368 1.893474245511 1.906261933557 2.015841521512 2.137219010051 2.168333451345 2.360496820062 2.445031957901 2.443857756868 1.752958387633 1.314369059222 1.492842037591 1.481276754921 1.634416451166 1.632812602082 1.797629892997 0.925609822948 0.913861279929 0.939478109204 1.081062002551 1.174049067134 1.248460750936 1.319704550615 1.463649148919 1.468276334105 1.633650842876 1.751150596892 1.927759514934 1.903125854627 1.889511415197 2.013200246522 2.183457792672 2.082130726017 2.238354606716 1.840916628346 1.948913836798 1.931659960622 1.787593629079 1.984860713393 2.164431737088 2.169411350257 2.0054475664 1.981484693249 2.161277738187 1.646560063718 1.096753771801 0.875689511643 0.949222192364 1.006705473697 0.454320016796 0.642854631511 0.657158932131 0.737169554803 0.668320500373 0.864282474744 1.056287214932 1.139711537159 1.273229488966 0.694915464397 0.869304111335 0.980220218951 1.109985001075 1.178855744202 1.353578016917 1.320203311607 1.443663121835 1.218815682435 1.311838807284 1.011056450667 1.197796970371 1.348917880755 1.313079975342 1.346511272129 1.379291765735 1.178643661234 1.316960693214 1.374711105771 1.426559315682 1.129442844287 1.309712782603 1.001651881011 1.030072752796 1.212718656328 0.882867470593 1.017799387487 1.141087344667 1.339207194534 1.319038012516 1.149572482316 1.321306339604 1.312950208768 1.260963446746 1.092706952449 1.224376119044 1.362872574292 1.522402486579 1.620962461928 1.644336653536 1.683377173576 1.879314681817 2.04326423142 1.890116016937 1.997769837728 2.19682852963 2.365160228384 2.33863339999 2.37001679356 2.507072461389 2.463770730702 2.398019155952 2.529949808305 2.074921172762 2.161340342066 2.304136147564 2.221931265705 2.250252672139 2.349383910821 2.370065736664 2.117319021492 2.147474859179 2.143743113175 2.293259114597 2.048957734902 1.638501403525 1.610579810818 1.692055005328 1.772779126462 1.598087150491 1.029485833842 0.989038120393 1.164332790921 1.293728764266 1.202365052553 1.066180611644 1.160036112321 1.25903236277 1.233975959401 1.008076080187 1.150593984973 1.176486819708 1.301339051227 1.07437296123 0.60149887062 0.565622283891 0.588050001804 0.529668148044 0.514101171217 0.574941279037 0.622567724778 0.4002 0.547788551665 0.541229149536 0.640766989884 0.730487791857 0.737597078758 0.751116502677 0.822295561012 1.018419604742 1.091394061616 1.219608618442 1.167799914989 1.151935875258 1.284002928742 1.415483003802 1.518755866484 1.52628085533 1.449685014023 1.537692800008 1.316203279018 1.487088483328 1.665379063629 1.79453423718 1.975149686265 2.006371991747 2.118966388992 2.140220573331 2.179710176179 2.20889422905 2.402053545378 2.390251668302 1.895744572446 1.884574650714 2.007148632284 2.09422653206 2.244210233064 1.990483434526 2.160024709475 2.268390132683 2.447926009712 2.533433699426 1.905871747324 1.660888815879 1.800575633234 1.672396117649 1.71838074574 1.674976846673 1.756162147008 1.935039618282 2.114063251162 1.810206825145 1.923337693956 1.872816188974 1.946123665429 0.793045561442 0.625099004427 0.792724987085 0.522689529135 0.4002 0.592543417423 0.757078302394 0.815094716949 0.823901432165 0.987393711788 1.160956969865 1.058992278743 0.882206501426 0.681809202321 0.552465382056 0.646464806429 0.678088614083 0.847930412044 0.943356406026 1.136599048916 1.322263972053 0.712294604292 0.673206891036 0.779752377754 0.858892563384 0.949921137755 0.893854296993 1.083471786556 0.880917239315 0.989934870357 0.447942751976 0.644589198778 0.45727375128 0.604807889447 0.802451243063 0.712892426665 0.823641862561 0.446719512141 0.4002 0.4002 0.562541004956 0.679618496424 0.732392276427 0.79790017306 0.986726162482 1.103930377947 1.259302536327 1.419736634835 1.615997540751 1.77849375051 1.662811206089 1.738291737293 1.887590596264 1.672384384175 1.787652963904 1.410744106223 1.084300333713 1.096872590168 1.053113229499 1.071520424034 1.265049063105 1.158882817852 1.322891349542 1.384251395634 1.389954964015 1.579618382856 1.60743365552 1.567239474212 1.712905860144 0.937079282545 0.592809631362 0.730616070368 0.74025012886 0.712930829809 0.759514898895 0.560080505397 0.581804790015 0.50386937726 0.441912302988 0.4002 0.525422700819 0.563826690139 0.662253665602 0.814503091032 0.967398176348 1.117078453725 1.275872044028 1.426500190268 1.048685071888 1.080089316805 1.011019830158 1.090684032853 1.155835118926 0.652939382819 0.801336830031 0.773109249459 0.914407719074 1.096576861075 1.284620668492 1.473006196069 1.559026683008 1.62520393827 1.750469979391 1.524735960485 1.486364339754 0.937025416989 1.042142158922 1.049854244608 1.210260697541 1.253865553366 1.448867882703 1.263195855327 1.449272321112 1.376885976251 1.349378275143 1.419132128759 1.498215885092 1.47214477591 1.518320815691 1.53150874917 1.277540746013 1.226700091995 0.49876958672 0.571983582841 0.723085378432 0.801318795685 0.783737908962 0.509954274795 0.648833294432 0.819314087854 1.015140644132 1.163070361823 1.078993670706 0.852281013211 0.975143474402 0.705574722116 0.808847044618 0.80127702952 0.823776643823 0.945262038185 0.789633370818 0.842959836184 0.844658977605 1.044647907226 0.83248365905 0.957731000287 1.093816069312 1.182981903502 1.063038015134 0.829885278959 0.988815725212 0.961004195077 0.550367261158 0.628558338616 0.595935681931 0.663835065981 0.815291367247 0.704358779685 0.4002 0.548071974125 0.485570375532 0.4002 0.541609708303 0.666323837999 0.818339134112 0.4002 0.454154466952 0.526516745833 0.721317196794 0.672647041204 0.826142037527 0.99276710928 1.08219943515 1.020004961518 1.126269666323 1.118428539007 1.193862677054 1.3454787481 1.480435544505 1.639163945784 1.662406814577 1.532791579945 1.33398373969 1.25904774893 1.434041230945 1.409349131035 1.463644362488 1.598804539791 1.770476132832 1.932023844664 1.879661309967 1.835861440931 1.935005454281 2.010598070465 2.043922422336 1.876869741748 2.036377989008 2.190529123967 2.35923396989 2.523179109974 2.589270991802 2.762602867147 2.874711789048 2.818626918252 2.454499728569 2.648314470257 2.558403514971 2.483534912087 2.407342292954 2.587908757281 2.31981036515 2.470770746622 2.65334902997 2.57668573674 2.616007384207 2.552882132548 2.577239116804 2.767901568075 2.31420228791 2.467271118059 2.598167201317 2.730536258348 2.87543067094 2.849246975102 3.028109540281 3.215086967324 3.41177374844 3.449545543994 3.11903384089 3.317177236014 3.295495285171 3.137497364275 3.02993162138 2.398737402267 2.532555426032 2.48941733136 2.512841222369 2.672752783352 2.859534381213 2.915885085191 2.982923535281 3.009210388988 2.45040563237 2.340603296539 2.122291982014 2.13576961096 2.253223637615 2.403940473172 1.952156277735 2.030700420011 2.177984997444 1.955807242567 1.559367107472 1.623806707061 1.256478668386 1.205031269272 1.083939516658 1.150771019331 1.151678290658 1.105102198052 0.890349905432 0.952462997862 1.083112337104 0.910826008508 0.732805668889 0.88958642557 0.897184040252 0.800335543722 0.997670494756 0.465739028603 0.580431866196 0.4002 0.568133181103 0.464919395138 0.4002 0.4002 0.470040531528 0.4002 0.462611304308 0.661800040044 0.657762622453 0.79496304284 0.903004779285 0.997311333625 1.167866326162 1.256064792164 1.110738116216 1.240018801163 1.397912143522 1.495369214996 1.552160151397 1.726444103942 1.875641828272 1.28611517476 1.465521502016 1.561305737799 1.364927669577 1.39650040901 0.874712208013 0.990513548403 0.542520955023 0.431462082952 0.4002 0.494207684146 0.4002 0.511170132119 0.630133555651 0.728135388881 0.911219490529 1.039360709504 1.134767178773 1.036240745935 1.183386653108 0.862072292644 1.033647190365 1.15494670814 1.34396523363 0.932993277829 0.87436370607 1.071554387822 1.26925573778 1.316771000937 1.222330169338 1.349681725558 1.517895089627 1.289017996724 1.47244554214 1.61474300007 1.795968090613 1.769692337092 1.746714852711 1.614121696576 1.757816892082 1.844637983755 1.935506440802 1.856532622549 1.89352895637 1.739604991728 1.54559347861 1.65029776209 1.590608634969 1.770301818181 1.907269812438 2.048089437788 2.219895860905 2.240630019901 2.429236713408 2.499801772599 2.628009508924 2.694148934527 2.833354622681 2.910666804763 2.988853913698 3.040137275343 3.010188997793 3.093504243586 3.055604993319 2.87263654179 3.005955874115 3.092321777367 3.196738179865 3.04599525086 3.206024143276 3.263622530151 3.152873429745 3.334805980929 3.52310040114 3.50731501944 3.468512345321 3.62222815093 3.520585104605 3.344761417763 3.244278859021 3.215540734904 3.355475718847 3.516183341668 3.622562051021 3.808078228998 3.830926099792 4.028979017924 4.165262248348 3.92004545046 4.027367444952 4.198716840676 4.354823208497 4.252730888252 4.329547031495 4.011057309738 4.201929699839 4.150751002971 4.029067433154 4.094077238423 4.278061467234 4.351275041936 4.404965974109 4.176346034023 4.303055775656 4.369009400341 4.396675901982 4.489595031763 4.048633265841 4.210374056661 4.20292503784 4.273943339607 4.466742773657 4.360573089868 4.448008049505 4.485428377268 4.542751520708 4.707912488633 4.75426182026 4.923204703159 4.894445627335 4.884787806344 5.019753632246 5.064785156345 5.237194509959 5.35838299557 5.458644528996 5.626842125636 5.200276227727 5.36543648441 5.52399944796 5.696282083675 5.427634097656 5.45464647577 5.497679071852 5.67831957739 5.75622300839 5.473419722288 5.245935384205 5.428611985316 5.505891143368 5.383624743544 5.326032348529 5.106705093824 5.204864596451 5.385240691925 5.116466763765 5.205334981133 5.171082242144 5.242887533091 5.202344776325 5.228750779921 5.349334589917 5.297406355792 5.214649689884 5.409161269798 5.407007437178 5.344103017561 5.48921031316 5.397898270845 5.562899261201 5.760936373921 5.642625149362 5.76890856144 5.329257566086 5.476238945805 5.553689856832 5.613684729609 5.634884449073 5.220269404516 5.030274022147 5.067070309354 5.144858797097 5.324348418496 4.917559904016 4.923157725804 4.951670705281 4.754082814312 4.610268951954 4.775961226479 4.496925268601 3.720225470532 3.58217847958 3.764412003049 3.929680690407 4.10983638511 4.111580483958 4.110770249182 4.209126358371 3.812770426906 3.999817288348 3.647696397211 3.737355674693 3.818739355228 3.958873678744 3.898706193252 3.720560362366 3.649416659596 3.842642288548 3.969301257789 3.530548883253 3.705034168494 3.817218771376 3.89986501004 4.011634047894 4.112192190625 4.308899533828 4.357106578978 4.516136125549 4.342808031513 4.440222633147 4.486530117669 4.156692465223 4.128636689839 4.307650140373 4.3197497432 3.938565822469 4.117831655141 3.910572817687 4.091264561881 4.170177805553 4.35865922219 4.479546102111 4.661444608081 4.808457620554 4.954312742407 4.963688234754 4.797779803582 4.991053019398 5.04326901541 5.240123190655 5.296194211117 5.384192536451 5.374324103266 5.560223713594 5.602911895216 5.744857212191 5.93825641518 6.08826625185 6.114693877872 6.256304663526 6.161420218569 6.333325075178 6.438931457624 6.636509608612 6.701438434578 6.876895433115 6.277382737771 6.284664198513 6.428549013278 5.896636589586 6.002852324131 5.274796324941 5.465449344594 5.560243185442 5.686010841282 5.850435489711 5.694248554733 5.690605038972 5.561568353557 5.626779664713 5.622435995231 4.912871224859 5.021065639362 5.207558807987 5.332546419363 5.226758645221 5.103026431937 5.234978988014 5.420368656583 5.565107617997 5.534975099411 5.51773443718 5.621891898283 5.765402555891 5.764415894079 5.745177381877 5.422049195393 5.476373680786 5.291625966652 5.381265542324 5.443562764715 5.481766825688 5.570101467835 5.702432244095 5.556608316558 5.511381874111 5.443326681715 5.536146922647 5.61761543906 5.728187458541 5.234058442434 5.081240963996 5.190993204298 4.873027975199 4.971683332419 5.162263478208 5.093859529971 5.240903075303 5.321668697024 5.435967176188 5.08213827962 4.944694621868 5.085219916286 4.43861675702 4.542441112159 4.047869970978 4.008971982276 3.738305028661 3.483563595323 3.613210118237 3.7874024176 3.021458368006 3.166163824697 3.30878200562 3.456959554444 3.634570646215 3.700094065807 3.29710041137 3.05285757473 3.199694264926 3.311027385726 3.276940239723 3.379636411771 3.567610737945 3.270484521076 3.208091904859 3.383925625606 3.156985146698 3.157525361865 3.293914452827 3.465413863697 3.570110699502 3.676351561174 3.782575930048 3.904143672123 3.827851856153 3.79989277482 3.945581616484 3.828110170546 3.990397225696 4.050188123831 4.130878140456 4.260613884148 4.387998116111 4.15375293984 3.988247686277 4.101514715202 4.247220721916 4.179040376998 4.239452867232 4.277354237796 3.905869168233 4.060860669461 4.059837539747 4.100793099485 3.896876198841 3.950231131105 3.586848785112 3.701066417958 3.623194716568 3.818209097422 3.77769762848 3.945469112715 3.457280303198 3.629001680651 2.791975796044 2.745832025838 2.825601096561 2.77866512135 2.963963845866 2.974743497615 3.105456832116 3.082565185773 3.249506583309 3.330840469657 3.422759930137 3.384563639458 3.556414608372 3.661346674444 3.676018954385 3.854939728403 3.958424685371 3.513361468628 3.261866110477 3.446827748644"
